horizon_hours,candidate_rank,model_name,decision_threshold,period_type,period,rows,actual_spikes,predicted_spikes,accuracy,precision,recall,f1,pr_auc
1,1,hist_gradient_boosting_classifier,0.7,overall,overall,8760,598,584,0.9497716894977168,0.6352739726027398,0.6204013377926422,0.6277495769881557,0.6675408798257298
1,1,hist_gradient_boosting_classifier,0.7,month,2024-01,744,153,173,0.8978494623655914,0.7225433526011561,0.8169934640522876,0.7668711656441718,0.8480405738798319
1,1,hist_gradient_boosting_classifier,0.7,month,2024-02,696,68,69,0.9382183908045977,0.6811594202898551,0.6911764705882353,0.6861313868613139,0.7066934580847378
1,1,hist_gradient_boosting_classifier,0.7,month,2024-03,744,43,52,0.9368279569892473,0.46153846153846156,0.5581395348837209,0.5052631578947369,0.5475298884633472
1,1,hist_gradient_boosting_classifier,0.7,month,2024-04,720,47,50,0.9347222222222222,0.5,0.5319148936170213,0.5154639175257731,0.590177144222871
1,1,hist_gradient_boosting_classifier,0.7,month,2024-05,744,14,3,0.9798387096774194,0.3333333333333333,0.07142857142857142,0.11764705882352941,0.1562349119455619
1,1,hist_gradient_boosting_classifier,0.7,month,2024-06,720,14,1,0.9791666666666666,0.0,0.0,0.0,0.10857830957461574
1,1,hist_gradient_boosting_classifier,0.7,month,2024-07,744,92,96,0.946236559139785,0.7708333333333334,0.8043478260869565,0.7872340425531915,0.822031836477313
1,1,hist_gradient_boosting_classifier,0.7,month,2024-08,744,14,3,0.9798387096774194,0.3333333333333333,0.07142857142857142,0.11764705882352941,0.1476213265792117
1,1,hist_gradient_boosting_classifier,0.7,month,2024-09,720,34,23,0.9625,0.6521739130434783,0.4411764705882353,0.5263157894736842,0.6008516224783054
1,1,hist_gradient_boosting_classifier,0.7,month,2024-10,744,48,31,0.9368279569892473,0.5161290322580645,0.3333333333333333,0.4050632911392405,0.4872774366040989
1,1,hist_gradient_boosting_classifier,0.7,month,2024-11,720,68,82,0.9111111111111111,0.524390243902439,0.6323529411764706,0.5733333333333334,0.6059626120323773
1,1,hist_gradient_boosting_classifier,0.7,month,2024-12,720,3,1,0.9944444444444445,0.0,0.0,0.0,0.2553191489361702
1,1,hist_gradient_boosting_classifier,0.7,quarter,2024Q1,2184,264,294,0.923992673992674,0.6666666666666666,0.7424242424242424,0.7025089605734767,0.7674199899117916
1,1,hist_gradient_boosting_classifier,0.7,quarter,2024Q2,2184,75,54,0.9647435897435898,0.48148148148148145,0.3466666666666667,0.40310077519379844,0.42412363400061737
1,1,hist_gradient_boosting_classifier,0.7,quarter,2024Q3,2208,140,122,0.9628623188405797,0.7377049180327869,0.6428571428571429,0.6870229007633588,0.7079145659879785
1,1,hist_gradient_boosting_classifier,0.7,quarter,2024Q4,2184,119,114,0.9473443223443223,0.5175438596491229,0.4957983193277311,0.5064377682403434,0.5489829638692028
1,2,random_forest_classifier_tuned,0.65,overall,overall,8760,598,603,0.9482876712328767,0.6202321724709784,0.6254180602006689,0.6228143213988343,0.6609538726182717
1,2,random_forest_classifier_tuned,0.65,month,2024-01,744,153,179,0.8924731182795699,0.7039106145251397,0.8235294117647058,0.7590361445783133,0.8359280130391074
1,2,random_forest_classifier_tuned,0.65,month,2024-02,696,68,69,0.9324712643678161,0.6521739130434783,0.6617647058823529,0.656934306569343,0.6905955903557616
1,2,random_forest_classifier_tuned,0.65,month,2024-03,744,43,50,0.9341397849462365,0.44,0.5116279069767442,0.4731182795698925,0.5056073709887852
1,2,random_forest_classifier_tuned,0.65,month,2024-04,720,47,42,0.9430555555555555,0.5714285714285714,0.5106382978723404,0.5393258426966292,0.5600162275671363
1,2,random_forest_classifier_tuned,0.65,month,2024-05,744,14,3,0.9798387096774194,0.3333333333333333,0.07142857142857142,0.11764705882352941,0.14119538398731388
1,2,random_forest_classifier_tuned,0.65,month,2024-06,720,14,7,0.9736111111111111,0.14285714285714285,0.07142857142857142,0.09523809523809523,0.12742902957422217
1,2,random_forest_classifier_tuned,0.65,month,2024-07,744,92,89,0.9368279569892473,0.7528089887640449,0.7282608695652174,0.7403314917127072,0.837271411649339
1,2,random_forest_classifier_tuned,0.65,month,2024-08,744,14,7,0.9744623655913979,0.14285714285714285,0.07142857142857142,0.09523809523809523,0.14508411261096765
1,2,random_forest_classifier_tuned,0.65,month,2024-09,720,34,25,0.9652777777777778,0.68,0.5,0.576271186440678,0.5813962366424847
1,2,random_forest_classifier_tuned,0.65,month,2024-10,744,48,40,0.9354838709677419,0.5,0.4166666666666667,0.45454545454545453,0.49110528922117913
1,2,random_forest_classifier_tuned,0.65,month,2024-11,720,68,91,0.9180555555555555,0.5494505494505495,0.7352941176470589,0.6289308176100629,0.6036255318844629
1,2,random_forest_classifier_tuned,0.65,month,2024-12,720,3,1,0.9944444444444445,0.0,0.0,0.0,0.1595655806182122
1,2,random_forest_classifier_tuned,0.65,quarter,2024Q1,2184,264,298,0.9194139194139194,0.6476510067114094,0.7310606060606061,0.6868327402135231,0.7472537532143626
1,2,random_forest_classifier_tuned,0.65,quarter,2024Q2,2184,75,52,0.9656593406593407,0.5,0.3466666666666667,0.4094488188976378,0.4095543812402914
1,2,random_forest_classifier_tuned,0.65,quarter,2024Q3,2208,140,121,0.958786231884058,0.7024793388429752,0.6071428571428571,0.6513409961685823,0.7183471537889413
1,2,random_forest_classifier_tuned,0.65,quarter,2024Q4,2184,119,132,0.9491758241758241,0.5303030303030303,0.5882352941176471,0.5577689243027888,0.5393678993500879
3,1,hist_gradient_boosting_classifier_tuned,0.65,overall,overall,8760,598,599,0.9339041095890411,0.5158597662771286,0.5167224080267558,0.5162907268170426,0.5064341117778688
3,1,hist_gradient_boosting_classifier_tuned,0.65,month,2024-01,744,153,176,0.8508064516129032,0.6193181818181818,0.7124183006535948,0.662613981762918,0.7512216615905057
3,1,hist_gradient_boosting_classifier_tuned,0.65,month,2024-02,696,69,92,0.9037356321839081,0.5108695652173914,0.6811594202898551,0.5838509316770186,0.48088963745064633
3,1,hist_gradient_boosting_classifier_tuned,0.65,month,2024-03,744,42,52,0.9274193548387096,0.38461538461538464,0.47619047619047616,0.425531914893617,0.3860318225315406
3,1,hist_gradient_boosting_classifier_tuned,0.65,month,2024-04,720,48,41,0.9263888888888889,0.43902439024390244,0.375,0.4044943820224719,0.36103306139742714
3,1,hist_gradient_boosting_classifier_tuned,0.65,month,2024-05,744,13,1,0.9838709677419355,1.0,0.07692307692307693,0.14285714285714285,0.1027003503199091
3,1,hist_gradient_boosting_classifier_tuned,0.65,month,2024-06,720,14,0,0.9805555555555555,0.0,0.0,0.0,0.03770779556079364
3,1,hist_gradient_boosting_classifier_tuned,0.65,month,2024-07,744,92,94,0.9166666666666666,0.6595744680851063,0.6739130434782609,0.6666666666666666,0.6989008591342223
3,1,hist_gradient_boosting_classifier_tuned,0.65,month,2024-08,744,14,0,0.9811827956989247,0.0,0.0,0.0,0.06515530555427518
3,1,hist_gradient_boosting_classifier_tuned,0.65,month,2024-09,720,35,9,0.9472222222222222,0.3333333333333333,0.08571428571428572,0.13636363636363635,0.21527906269618705
3,1,hist_gradient_boosting_classifier_tuned,0.65,month,2024-10,744,47,35,0.9193548387096774,0.3142857142857143,0.23404255319148937,0.2682926829268293,0.2344939805131854
3,1,hist_gradient_boosting_classifier_tuned,0.65,month,2024-11,720,68,99,0.8736111111111111,0.3838383838383838,0.5588235294117647,0.4550898203592814,0.41404883578079565
3,1,hist_gradient_boosting_classifier_tuned,0.65,month,2024-12,720,3,0,0.9958333333333333,0.0,0.0,0.0,0.0109031739843676
3,1,hist_gradient_boosting_classifier_tuned,0.65,quarter,2024Q1,2184,264,320,0.8937728937728938,0.55,0.6666666666666666,0.6027397260273972,0.6439068317936106
3,1,hist_gradient_boosting_classifier_tuned,0.65,quarter,2024Q2,2184,75,42,0.9638278388278388,0.4523809523809524,0.25333333333333335,0.3247863247863248,0.2471505222734389
3,1,hist_gradient_boosting_classifier_tuned,0.65,quarter,2024Q3,2208,141,103,0.9483695652173914,0.6310679611650486,0.46099290780141844,0.5327868852459017,0.539243672021925
3,1,hist_gradient_boosting_classifier_tuned,0.65,quarter,2024Q4,2184,118,134,0.9294871794871795,0.3656716417910448,0.4152542372881356,0.3888888888888889,0.3199332304787812
3,2,hist_gradient_boosting_classifier,0.55,overall,overall,8760,598,702,0.9271689497716895,0.47150997150997154,0.5535117056856187,0.5092307692307693,0.4965639399956084
3,2,hist_gradient_boosting_classifier,0.55,month,2024-01,744,153,205,0.8440860215053764,0.5902439024390244,0.7908496732026143,0.6759776536312849,0.7324058934081086
3,2,hist_gradient_boosting_classifier,0.55,month,2024-02,696,69,108,0.8778735632183908,0.42592592592592593,0.6666666666666666,0.519774011299435,0.48404829815844935
3,2,hist_gradient_boosting_classifier,0.55,month,2024-03,744,42,65,0.9099462365591398,0.3076923076923077,0.47619047619047616,0.37383177570093457,0.4218854846925403
3,2,hist_gradient_boosting_classifier,0.55,month,2024-04,720,48,51,0.9152777777777777,0.37254901960784315,0.3958333333333333,0.3838383838383838,0.3568954966406595
3,2,hist_gradient_boosting_classifier,0.55,month,2024-05,744,13,2,0.9825268817204301,0.5,0.07692307692307693,0.13333333333333333,0.10235532135163325
3,2,hist_gradient_boosting_classifier,0.55,month,2024-06,720,14,1,0.9791666666666666,0.0,0.0,0.0,0.03680860980962566
3,2,hist_gradient_boosting_classifier,0.55,month,2024-07,744,92,107,0.9126344086021505,0.6261682242990654,0.7282608695652174,0.6733668341708543,0.7146731656309429
3,2,hist_gradient_boosting_classifier,0.55,month,2024-08,744,14,0,0.9811827956989247,0.0,0.0,0.0,0.06899040349322454
3,2,hist_gradient_boosting_classifier,0.55,month,2024-09,720,35,13,0.9416666666666667,0.23076923076923078,0.08571428571428572,0.125,0.1794099725643625
3,2,hist_gradient_boosting_classifier,0.55,month,2024-10,744,47,39,0.9220430107526881,0.358974358974359,0.2978723404255319,0.32558139534883723,0.21367805909584892
3,2,hist_gradient_boosting_classifier,0.55,month,2024-11,720,68,108,0.8666666666666667,0.37037037037037035,0.5882352941176471,0.45454545454545453,0.3855010917628847
3,2,hist_gradient_boosting_classifier,0.55,month,2024-12,720,3,3,0.9916666666666667,0.0,0.0,0.0,0.012706858359032274
3,2,hist_gradient_boosting_classifier,0.55,quarter,2024Q1,2184,264,378,0.8772893772893773,0.4947089947089947,0.7083333333333334,0.5825545171339563,0.6329534748516376
3,2,hist_gradient_boosting_classifier,0.55,quarter,2024Q2,2184,75,54,0.9592490842490843,0.37037037037037035,0.26666666666666666,0.31007751937984496,0.24436539367794582
3,2,hist_gradient_boosting_classifier,0.55,quarter,2024Q3,2208,141,120,0.9451992753623188,0.5833333333333334,0.49645390070921985,0.5363984674329502,0.5434913109085662
3,2,hist_gradient_boosting_classifier,0.55,quarter,2024Q4,2184,118,150,0.9267399267399268,0.36,0.4576271186440678,0.40298507462686567,0.29387050645406126
6,1,hist_gradient_boosting_classifier_tuned,0.6,overall,overall,8760,598,702,0.9187214611872146,0.4188034188034188,0.4916387959866221,0.4523076923076923,0.4158165670624353
6,1,hist_gradient_boosting_classifier_tuned,0.6,month,2024-01,744,153,185,0.8172043010752689,0.5459459459459459,0.6601307189542484,0.5976331360946746,0.6610572739876058
6,1,hist_gradient_boosting_classifier_tuned,0.6,month,2024-02,696,70,106,0.8620689655172413,0.37735849056603776,0.5714285714285714,0.45454545454545453,0.45563709936182867
6,1,hist_gradient_boosting_classifier_tuned,0.6,month,2024-03,744,41,61,0.9139784946236559,0.3114754098360656,0.4634146341463415,0.37254901960784315,0.3953727129773728
6,1,hist_gradient_boosting_classifier_tuned,0.6,month,2024-04,720,48,56,0.9027777777777778,0.30357142857142855,0.3541666666666667,0.3269230769230769,0.2361017798503411
6,1,hist_gradient_boosting_classifier_tuned,0.6,month,2024-05,744,16,0,0.978494623655914,0.0,0.0,0.0,0.030189326345607462
6,1,hist_gradient_boosting_classifier_tuned,0.6,month,2024-06,720,11,0,0.9847222222222223,0.0,0.0,0.0,0.02049811863051491
6,1,hist_gradient_boosting_classifier_tuned,0.6,month,2024-07,744,92,113,0.8938172043010753,0.5575221238938053,0.6847826086956522,0.6146341463414634,0.6158829108865307
6,1,hist_gradient_boosting_classifier_tuned,0.6,month,2024-08,744,14,0,0.9811827956989247,0.0,0.0,0.0,0.018263321832764787
6,1,hist_gradient_boosting_classifier_tuned,0.6,month,2024-09,720,35,35,0.9333333333333333,0.3142857142857143,0.3142857142857143,0.3142857142857143,0.15959770336653775
6,1,hist_gradient_boosting_classifier_tuned,0.6,month,2024-10,744,47,45,0.8924731182795699,0.13333333333333333,0.1276595744680851,0.13043478260869565,0.141864271480974
6,1,hist_gradient_boosting_classifier_tuned,0.6,month,2024-11,720,68,100,0.8694444444444445,0.37,0.5441176470588235,0.44047619047619047,0.2966703796930793
6,1,hist_gradient_boosting_classifier_tuned,0.6,month,2024-12,720,3,1,0.9944444444444445,0.0,0.0,0.0,0.013305346037482142
6,1,hist_gradient_boosting_classifier_tuned,0.6,quarter,2024Q1,2184,264,352,0.8644688644688645,0.45454545454545453,0.6060606060606061,0.5194805194805194,0.5576907858210965
6,1,hist_gradient_boosting_classifier_tuned,0.6,quarter,2024Q2,2184,75,56,0.9555860805860806,0.30357142857142855,0.22666666666666666,0.2595419847328244,0.16282912211341008
6,1,hist_gradient_boosting_classifier_tuned,0.6,quarter,2024Q3,2208,141,148,0.936141304347826,0.5,0.524822695035461,0.5121107266435986,0.45348756346769836
6,1,hist_gradient_boosting_classifier_tuned,0.6,quarter,2024Q4,2184,118,146,0.9184981684981685,0.2945205479452055,0.3644067796610169,0.32575757575757575,0.2062531540267048
6,2,gradient_boosting_classifier_tuned,0.6,overall,overall,8760,598,692,0.9168949771689497,0.4060693641618497,0.4698996655518395,0.4356589147286822,0.3856262127613985
6,2,gradient_boosting_classifier_tuned,0.6,month,2024-01,744,153,230,0.7889784946236559,0.49130434782608695,0.738562091503268,0.5900783289817232,0.6225419482972754
6,2,gradient_boosting_classifier_tuned,0.6,month,2024-02,696,70,94,0.867816091954023,0.3829787234042553,0.5142857142857142,0.43902439024390244,0.4053897833783544
6,2,gradient_boosting_classifier_tuned,0.6,month,2024-03,744,41,53,0.9247311827956989,0.3584905660377358,0.4634146341463415,0.40425531914893614,0.35052078360757577
6,2,gradient_boosting_classifier_tuned,0.6,month,2024-04,720,48,54,0.8972222222222223,0.25925925925925924,0.2916666666666667,0.27450980392156865,0.28017123616127454
6,2,gradient_boosting_classifier_tuned,0.6,month,2024-05,744,16,0,0.978494623655914,0.0,0.0,0.0,0.025284925509926347
6,2,gradient_boosting_classifier_tuned,0.6,month,2024-06,720,11,0,0.9847222222222223,0.0,0.0,0.0,0.02164424916540989
6,2,gradient_boosting_classifier_tuned,0.6,month,2024-07,744,92,129,0.8723118279569892,0.4883720930232558,0.6847826086956522,0.5701357466063348,0.5685948042927486
6,2,gradient_boosting_classifier_tuned,0.6,month,2024-08,744,14,0,0.9811827956989247,0.0,0.0,0.0,0.029732070178344668
6,2,gradient_boosting_classifier_tuned,0.6,month,2024-09,720,35,4,0.9513888888888888,0.5,0.05714285714285714,0.10256410256410256,0.1951374209812866
6,2,gradient_boosting_classifier_tuned,0.6,month,2024-10,744,47,44,0.8911290322580645,0.11363636363636363,0.10638297872340426,0.10989010989010989,0.09250438297760905
6,2,gradient_boosting_classifier_tuned,0.6,month,2024-11,720,68,84,0.8694444444444445,0.34523809523809523,0.4264705882352941,0.3815789473684211,0.3001856550308486
6,2,gradient_boosting_classifier_tuned,0.6,month,2024-12,720,3,0,0.9958333333333333,0.0,0.0,0.0,0.014740896358543419
6,2,gradient_boosting_classifier_tuned,0.6,quarter,2024Q1,2184,264,377,0.8603479853479854,0.44562334217506633,0.6363636363636364,0.5241809672386896,0.5262088608480218
6,2,gradient_boosting_classifier_tuned,0.6,quarter,2024Q2,2184,75,54,0.9537545787545788,0.25925925925925924,0.18666666666666668,0.21705426356589147,0.19080313349221129
6,2,gradient_boosting_classifier_tuned,0.6,quarter,2024Q3,2208,141,133,0.9347826086956522,0.48872180451127817,0.46099290780141844,0.4744525547445255,0.43045260967810905
6,2,gradient_boosting_classifier_tuned,0.6,quarter,2024Q4,2184,118,128,0.9184981684981685,0.265625,0.288135593220339,0.2764227642276423,0.19025887129025426
12,1,hist_gradient_boosting_classifier_tuned,0.6,overall,overall,8760,598,670,0.910958904109589,0.3641791044776119,0.4080267558528428,0.38485804416403785,0.3190449170554869
12,1,hist_gradient_boosting_classifier_tuned,0.6,month,2024-01,744,153,150,0.8266129032258065,0.58,0.5686274509803921,0.5742574257425742,0.5552442072162465
12,1,hist_gradient_boosting_classifier_tuned,0.6,month,2024-02,696,70,104,0.8419540229885057,0.3076923076923077,0.45714285714285713,0.367816091954023,0.3351947064859437
12,1,hist_gradient_boosting_classifier_tuned,0.6,month,2024-03,744,41,50,0.9260752688172043,0.36,0.43902439024390244,0.3956043956043956,0.41685129037516305
12,1,hist_gradient_boosting_classifier_tuned,0.6,month,2024-04,720,48,65,0.8625,0.1076923076923077,0.14583333333333334,0.12389380530973451,0.11327754403419815
12,1,hist_gradient_boosting_classifier_tuned,0.6,month,2024-05,744,16,0,0.978494623655914,0.0,0.0,0.0,0.025233206522406425
12,1,hist_gradient_boosting_classifier_tuned,0.6,month,2024-06,720,11,0,0.9847222222222223,0.0,0.0,0.0,0.04469870109549706
12,1,hist_gradient_boosting_classifier_tuned,0.6,month,2024-07,744,92,130,0.8709677419354839,0.4846153846153846,0.6847826086956522,0.5675675675675675,0.5839158619875928
12,1,hist_gradient_boosting_classifier_tuned,0.6,month,2024-08,744,14,0,0.9811827956989247,0.0,0.0,0.0,0.020630915346164375
12,1,hist_gradient_boosting_classifier_tuned,0.6,month,2024-09,720,35,39,0.9194444444444444,0.20512820512820512,0.22857142857142856,0.21621621621621623,0.20079021248310008
12,1,hist_gradient_boosting_classifier_tuned,0.6,month,2024-10,744,47,53,0.8709677419354839,0.03773584905660377,0.0425531914893617,0.04,0.05464575898551547
12,1,hist_gradient_boosting_classifier_tuned,0.6,month,2024-11,720,68,78,0.8722222222222222,0.34615384615384615,0.39705882352941174,0.3698630136986301,0.28300805184049377
12,1,hist_gradient_boosting_classifier_tuned,0.6,month,2024-12,720,3,1,0.9944444444444445,0.0,0.0,0.0,0.028375350140056023
12,1,hist_gradient_boosting_classifier_tuned,0.6,quarter,2024Q1,2184,264,304,0.8653846153846154,0.4506578947368421,0.5189393939393939,0.4823943661971831,0.44537762633288874
12,1,hist_gradient_boosting_classifier_tuned,0.6,quarter,2024Q2,2184,75,65,0.9423076923076923,0.1076923076923077,0.09333333333333334,0.1,0.0856183953373057
12,1,hist_gradient_boosting_classifier_tuned,0.6,quarter,2024Q3,2208,141,169,0.9239130434782609,0.42011834319526625,0.5035460992907801,0.45806451612903226,0.4381616029715119
12,1,hist_gradient_boosting_classifier_tuned,0.6,quarter,2024Q4,2184,118,132,0.9120879120879121,0.2196969696969697,0.2457627118644068,0.232,0.1374445726284977
12,2,hist_gradient_boosting_classifier,0.55,overall,overall,8760,598,694,0.908675799086758,0.35446685878962536,0.411371237458194,0.38080495356037153,0.2972393819106574
12,2,hist_gradient_boosting_classifier,0.55,month,2024-01,744,153,162,0.7997311827956989,0.5123456790123457,0.5424836601307189,0.526984126984127,0.48647611259321333
12,2,hist_gradient_boosting_classifier,0.55,month,2024-02,696,70,120,0.8275862068965517,0.2916666666666667,0.5,0.3684210526315789,0.32426129094100486
12,2,hist_gradient_boosting_classifier,0.55,month,2024-03,744,41,56,0.9314516129032258,0.4107142857142857,0.5609756097560976,0.4742268041237113,0.4271466832553317
12,2,hist_gradient_boosting_classifier,0.55,month,2024-04,720,48,80,0.8444444444444444,0.1,0.16666666666666666,0.125,0.11130269425099587
12,2,hist_gradient_boosting_classifier,0.55,month,2024-05,744,16,1,0.9771505376344086,0.0,0.0,0.0,0.03210971385324608
12,2,hist_gradient_boosting_classifier,0.55,month,2024-06,720,11,2,0.9819444444444444,0.0,0.0,0.0,0.03861582476038946
12,2,hist_gradient_boosting_classifier,0.55,month,2024-07,744,92,114,0.8790322580645161,0.5087719298245614,0.6304347826086957,0.5631067961165048,0.5556925067911949
12,2,hist_gradient_boosting_classifier,0.55,month,2024-08,744,14,2,0.978494623655914,0.0,0.0,0.0,0.019691768242890442
12,2,hist_gradient_boosting_classifier,0.55,month,2024-09,720,35,22,0.9291666666666667,0.13636363636363635,0.08571428571428572,0.10526315789473684,0.11140999707678312
12,2,hist_gradient_boosting_classifier,0.55,month,2024-10,744,47,51,0.8817204301075269,0.09803921568627451,0.10638297872340426,0.10204081632653061,0.060537015742735394
12,2,hist_gradient_boosting_classifier,0.55,month,2024-11,720,68,81,0.8791666666666667,0.38271604938271603,0.45588235294117646,0.4161073825503356,0.3243569293891831
12,2,hist_gradient_boosting_classifier,0.55,month,2024-12,720,3,3,0.9916666666666667,0.0,0.0,0.0,0.01975566172457364
12,2,hist_gradient_boosting_classifier,0.55,quarter,2024Q1,2184,264,338,0.8534798534798534,0.4171597633136095,0.5340909090909091,0.4684385382059801,0.39830962126299796
12,2,hist_gradient_boosting_classifier,0.55,quarter,2024Q2,2184,75,83,0.934981684981685,0.0963855421686747,0.10666666666666667,0.10126582278481013,0.08418043360782781
12,2,hist_gradient_boosting_classifier,0.55,quarter,2024Q3,2208,141,138,0.9288949275362319,0.4420289855072464,0.4326241134751773,0.43727598566308246,0.39566917546967834
12,2,hist_gradient_boosting_classifier,0.55,quarter,2024Q4,2184,118,135,0.9171245421245421,0.26666666666666666,0.3050847457627119,0.2845849802371542,0.15640921066040453
24,1,gradient_boosting_classifier_tuned,0.6,overall,overall,8760,598,702,0.906392694063927,0.3418803418803419,0.4013377926421405,0.36923076923076925,0.29903234400273704
24,1,gradient_boosting_classifier_tuned,0.6,month,2024-01,744,153,216,0.7674731182795699,0.4537037037037037,0.6405228758169934,0.5311653116531165,0.4571786230967406
24,1,gradient_boosting_classifier_tuned,0.6,month,2024-02,696,72,99,0.8232758620689655,0.24242424242424243,0.3333333333333333,0.2807017543859649,0.2290001468465883
24,1,gradient_boosting_classifier_tuned,0.6,month,2024-03,744,39,54,0.9153225806451613,0.2777777777777778,0.38461538461538464,0.3225806451612903,0.23326049610155902
24,1,gradient_boosting_classifier_tuned,0.6,month,2024-04,720,48,53,0.8736111111111111,0.09433962264150944,0.10416666666666667,0.09900990099009901,0.10189805335425793
24,1,gradient_boosting_classifier_tuned,0.6,month,2024-05,744,16,3,0.9744623655913979,0.0,0.0,0.0,0.048246030647583954
24,1,gradient_boosting_classifier_tuned,0.6,month,2024-06,720,11,0,0.9847222222222223,0.0,0.0,0.0,0.048266914860948786
24,1,gradient_boosting_classifier_tuned,0.6,month,2024-07,744,92,126,0.8790322580645161,0.5079365079365079,0.6956521739130435,0.5871559633027523,0.5863266647496208
24,1,gradient_boosting_classifier_tuned,0.6,month,2024-08,744,16,1,0.9771505376344086,0.0,0.0,0.0,0.027550033716542455
24,1,gradient_boosting_classifier_tuned,0.6,month,2024-09,720,33,30,0.9402777777777778,0.3333333333333333,0.30303030303030304,0.31746031746031744,0.3031487115975538
24,1,gradient_boosting_classifier_tuned,0.6,month,2024-10,744,48,39,0.885752688172043,0.02564102564102564,0.020833333333333332,0.022988505747126436,0.06518849263313953
24,1,gradient_boosting_classifier_tuned,0.6,month,2024-11,720,67,80,0.8597222222222223,0.2875,0.34328358208955223,0.3129251700680272,0.2844278417359179
24,1,gradient_boosting_classifier_tuned,0.6,month,2024-12,720,3,1,0.9944444444444445,0.0,0.0,0.0,0.012767822894405173
24,1,gradient_boosting_classifier_tuned,0.6,quarter,2024Q1,2184,264,369,0.8356227106227107,0.3712737127371274,0.5189393939393939,0.43285939968404424,0.35174591658816884
24,1,gradient_boosting_classifier_tuned,0.6,quarter,2024Q2,2184,75,56,0.9445970695970696,0.08928571428571429,0.06666666666666667,0.07633587786259542,0.08303722645301048
24,1,gradient_boosting_classifier_tuned,0.6,quarter,2024Q3,2208,141,157,0.9320652173913043,0.4713375796178344,0.524822695035461,0.4966442953020134,0.46080188688074475
24,1,gradient_boosting_classifier_tuned,0.6,quarter,2024Q4,2184,118,120,0.913003663003663,0.2,0.2033898305084746,0.20168067226890757,0.14615637877949453
24,2,extra_trees_classifier_tuned,0.5,overall,overall,8760,598,945,0.8877853881278539,0.2962962962962963,0.4682274247491639,0.36292935839274143,0.29770191506215643
24,2,extra_trees_classifier_tuned,0.5,month,2024-01,744,153,268,0.7432795698924731,0.4291044776119403,0.7516339869281046,0.5463182897862233,0.4758106104415959
24,2,extra_trees_classifier_tuned,0.5,month,2024-02,696,72,129,0.7916666666666666,0.21705426356589147,0.3888888888888889,0.27860696517412936,0.2753274137354269
24,2,extra_trees_classifier_tuned,0.5,month,2024-03,744,39,69,0.8924731182795699,0.2028985507246377,0.358974358974359,0.25925925925925924,0.2715648695874952
24,2,extra_trees_classifier_tuned,0.5,month,2024-04,720,48,74,0.8527777777777777,0.10810810810810811,0.16666666666666666,0.13114754098360656,0.11782629273559674
24,2,extra_trees_classifier_tuned,0.5,month,2024-05,744,16,9,0.9663978494623656,0.0,0.0,0.0,0.040984148524083594
24,2,extra_trees_classifier_tuned,0.5,month,2024-06,720,11,10,0.9708333333333333,0.0,0.0,0.0,0.03824125143007066
24,2,extra_trees_classifier_tuned,0.5,month,2024-07,744,92,148,0.8629032258064516,0.46621621621621623,0.75,0.575,0.5862660392246629
24,2,extra_trees_classifier_tuned,0.5,month,2024-08,744,16,11,0.9637096774193549,0.0,0.0,0.0,0.029277566244354535
24,2,extra_trees_classifier_tuned,0.5,month,2024-09,720,33,50,0.9291666666666667,0.32,0.48484848484848486,0.3855421686746988,0.3347982187579043
24,2,extra_trees_classifier_tuned,0.5,month,2024-10,744,48,64,0.8548387096774194,0.03125,0.041666666666666664,0.03571428571428571,0.05384262743684183
24,2,extra_trees_classifier_tuned,0.5,month,2024-11,720,67,109,0.8333333333333334,0.25688073394495414,0.417910447761194,0.3181818181818182,0.22373817318263245
24,2,extra_trees_classifier_tuned,0.5,month,2024-12,720,3,4,0.9902777777777778,0.0,0.0,0.0,0.01934585981191958
24,2,extra_trees_classifier_tuned,0.5,quarter,2024Q1,2184,264,466,0.8095238095238095,0.3369098712446352,0.5946969696969697,0.4301369863013699,0.3788635772839258
24,2,extra_trees_classifier_tuned,0.5,quarter,2024Q2,2184,75,93,0.9304029304029304,0.08602150537634409,0.10666666666666667,0.09523809523809523,0.08673314650241265
24,2,extra_trees_classifier_tuned,0.5,quarter,2024Q3,2208,141,209,0.9184782608695652,0.40669856459330145,0.6028368794326241,0.4857142857142857,0.4583064373313978
24,2,extra_trees_classifier_tuned,0.5,quarter,2024Q4,2184,118,177,0.8923992673992674,0.1694915254237288,0.2542372881355932,0.2033898305084746,0.11700358616663617
