reference_time,window_hours,row_count,coverage_rate,minimum,mean,median,q1,q3,iqr,iqr_threshold,maximum
2020-01-31 00:00:00+00:00,72,72,1.0000,25.6600,41.1704,34.7600,34.5275,36.1350,1.6075,38.5462,383.4000
2020-01-31 00:00:00+00:00,168,168,1.0000,25.0300,36.8850,34.7350,31.6175,36.5300,4.9125,43.8988,383.4000
2020-01-31 00:00:00+00:00,336,336,1.0000,24.9400,52.2310,34.7900,31.6175,37.4075,5.7900,46.0925,995.4600
2020-01-31 00:00:00+00:00,720,714,0.9917,24.9400,124.4101,35.6000,32.8700,42.4425,9.5725,56.8013,999.9900
2020-02-29 00:00:00+00:00,72,72,1.0000,22.7300,32.8694,32.5900,29.8400,34.2900,4.4500,40.9650,53.7100
2020-02-29 00:00:00+00:00,168,168,1.0000,22.7300,34.4024,33.4750,30.3900,34.5050,4.1150,40.6775,79.9900
2020-02-29 00:00:00+00:00,336,336,1.0000,22.7300,40.3847,34.0450,31.1475,35.1100,3.9625,41.0537,672.8700
2020-02-29 00:00:00+00:00,720,720,1.0000,19.4600,36.1374,33.4600,29.9925,34.6200,4.6275,41.5612,672.8700
2020-03-31 00:00:00+00:00,72,72,1.0000,18.0800,39.7894,33.2200,28.9950,34.8275,5.8325,43.5763,442.0300
2020-03-31 00:00:00+00:00,168,168,1.0000,18.0800,38.4735,33.2000,30.8700,35.7300,4.8600,43.0200,442.0300
2020-03-31 00:00:00+00:00,336,336,1.0000,18.0800,46.4616,33.5300,32.5100,37.8650,5.3550,45.8975,742.5000
2020-03-31 00:00:00+00:00,720,720,1.0000,18.0800,42.6121,34.5800,32.7775,37.9375,5.1600,45.6775,742.5000
2020-04-30 00:00:00+00:00,72,72,1.0000,15.5000,26.3189,28.6950,20.9125,29.6125,8.7000,42.6625,34.7900
2020-04-30 00:00:00+00:00,168,168,1.0000,13.2500,27.5608,29.4600,23.7600,32.2400,8.4800,44.9600,35.4000
2020-04-30 00:00:00+00:00,336,336,1.0000,0.0000,27.9286,29.5200,25.5500,33.0100,7.4600,44.2000,35.4900
2020-04-30 00:00:00+00:00,720,720,1.0000,0.0000,29.1675,29.5700,27.9175,33.2900,5.3725,41.3487,43.4400
2020-05-31 00:00:00+00:00,72,72,1.0000,8.4400,27.4092,29.8100,22.6950,30.5950,7.9000,42.4450,39.9100
2020-05-31 00:00:00+00:00,168,168,1.0000,0.0000,24.7607,28.6800,19.1725,31.8875,12.7150,50.9600,39.9100
2020-05-31 00:00:00+00:00,336,336,1.0000,0.0000,25.4673,29.0300,20.2850,31.7250,11.4400,48.8850,39.9100
2020-05-31 00:00:00+00:00,720,720,1.0000,0.0000,26.5115,29.0150,23.5475,30.8025,7.2550,41.6850,39.9100
2020-06-30 00:00:00+00:00,72,72,1.0000,13.3400,25.3513,26.6000,21.0275,29.4400,8.4125,42.0587,33.4200
2020-06-30 00:00:00+00:00,168,168,1.0000,0.0000,31.5221,28.9750,23.2300,33.5025,10.2725,48.9112,108.8500
2020-06-30 00:00:00+00:00,336,336,1.0000,0.0000,39.3412,31.6400,26.9500,34.9925,8.0425,47.0562,438.9800
2020-06-30 00:00:00+00:00,720,720,1.0000,0.0000,34.4134,30.1100,23.7825,33.8625,10.0800,48.9825,438.9800
2020-07-31 00:00:00+00:00,72,72,1.0000,21.7500,208.6371,36.5150,29.4775,427.9750,398.4975,1025.7213,779.7800
2020-07-31 00:00:00+00:00,168,168,1.0000,16.4600,119.8782,31.6750,29.4325,37.0450,7.6125,48.4638,779.7800
2020-07-31 00:00:00+00:00,336,336,1.0000,6.5900,80.4874,31.1750,28.8750,36.8425,7.9675,48.7938,779.7800
2020-07-31 00:00:00+00:00,720,720,1.0000,0.0000,52.4141,30.0550,25.2175,34.5775,9.3600,48.6175,779.7800
2020-08-31 00:00:00+00:00,72,72,1.0000,1.2700,28.1626,29.6250,23.7425,34.0450,10.3025,49.4988,37.7600
2020-08-31 00:00:00+00:00,168,168,1.0000,1.2700,32.7620,30.1650,26.4425,34.6600,8.2175,46.9862,177.0500
2020-08-31 00:00:00+00:00,336,336,1.0000,1.2700,44.7392,31.5050,28.7325,36.4875,7.7550,48.1200,716.1900
2020-08-31 00:00:00+00:00,720,720,1.0000,0.0000,41.5488,30.1800,27.0300,36.1975,9.1675,49.9487,716.1900
2020-09-30 00:00:00+00:00,72,72,1.0000,20.3200,32.1346,31.2100,29.8875,36.1850,6.2975,45.6313,40.0600
2020-09-30 00:00:00+00:00,168,168,1.0000,20.3200,31.7139,31.8800,29.6325,34.0700,4.4375,40.7263,40.0600
2020-09-30 00:00:00+00:00,336,336,1.0000,20.3200,33.6590,33.3300,30.2700,36.2050,5.9350,45.1075,157.3000
2020-09-30 00:00:00+00:00,720,720,1.0000,0.0000,35.6943,33.8450,30.2100,36.7475,6.5375,46.5538,296.0500
2020-10-31 00:00:00+00:00,72,72,1.0000,30.0600,47.7314,36.9600,34.7600,40.5875,5.8275,49.3287,313.6400
2020-10-31 00:00:00+00:00,168,168,1.0000,29.5400,54.8485,37.9900,34.7975,41.4850,6.6875,51.5162,475.1300
2020-10-31 00:00:00+00:00,336,336,1.0000,29.5400,84.1240,38.3800,37.0900,47.6400,10.5500,63.4650,835.9800
2020-10-31 00:00:00+00:00,720,720,1.0000,15.1500,62.0994,36.3100,31.8875,39.3600,7.4725,50.5688,835.9800
2020-11-30 00:00:00+00:00,72,72,1.0000,28.0200,35.5749,34.4950,30.7100,36.2050,5.4950,44.4475,106.8900
2020-11-30 00:00:00+00:00,168,168,1.0000,27.8000,37.3267,34.7050,31.7525,36.1775,4.4250,42.8150,153.1400
2020-11-30 00:00:00+00:00,336,336,1.0000,27.8000,39.6276,35.1700,32.7350,37.6125,4.8775,44.9287,174.8500
2020-11-30 00:00:00+00:00,720,720,1.0000,26.1300,38.5441,35.6550,33.5750,37.7000,4.1250,43.8875,415.7400
2020-12-31 00:00:00+00:00,72,72,1.0000,29.6000,35.6614,35.2200,33.9550,37.7925,3.8375,43.5488,59.0100
2020-12-31 00:00:00+00:00,168,168,1.0000,28.4200,35.8818,35.6000,33.8975,37.4125,3.5150,42.6850,121.8900
2020-12-31 00:00:00+00:00,336,336,1.0000,26.4100,36.0793,35.0500,32.9700,37.0850,4.1150,43.2575,129.8200
2020-12-31 00:00:00+00:00,720,720,1.0000,26.4100,38.4967,35.8750,33.4175,37.9800,4.5625,44.8237,398.8700
2021-01-31 00:00:00+00:00,72,72,1.0000,37.0200,148.8686,57.2950,43.8100,178.6075,134.7975,380.8038,703.8900
2021-01-31 00:00:00+00:00,168,168,1.0000,37.0200,161.7605,50.8800,44.1450,182.9375,138.7925,391.1263,875.2500
2021-01-31 00:00:00+00:00,336,336,1.0000,30.5900,106.7718,46.4750,40.6175,62.1600,21.5425,94.4737,875.2500
2021-01-31 00:00:00+00:00,720,720,1.0000,25.0700,74.0102,40.9750,37.8225,49.5925,11.7700,67.2475,875.2500
2021-02-28 00:00:00+00:00,72,72,1.0000,29.2400,79.3204,45.5300,39.2150,63.5625,24.3475,100.0838,536.5700
2021-02-28 00:00:00+00:00,168,168,1.0000,29.2400,73.6008,44.9600,40.4475,63.5625,23.1150,98.2350,536.5700
2021-02-28 00:00:00+00:00,336,336,1.0000,29.2400,117.5847,52.0250,41.7650,91.6700,49.9050,166.5275,716.4200
2021-02-28 00:00:00+00:00,720,720,1.0000,20.9600,149.9858,51.9900,41.9950,124.2000,82.2050,247.5075,911.0000
2021-03-31 00:00:00+00:00,72,72,1.0000,25.4400,54.9075,35.1050,32.6675,40.4625,7.7950,52.1550,633.9100
2021-03-31 00:00:00+00:00,168,168,1.0000,25.4400,75.4181,37.8800,34.3375,45.9675,11.6300,63.4125,633.9100
2021-03-31 00:00:00+00:00,336,336,1.0000,25.1000,61.9733,36.1100,32.9425,43.2125,10.2700,58.6175,633.9100
2021-03-31 00:00:00+00:00,720,720,1.0000,20.9500,68.0521,38.0450,34.4300,45.2300,10.8000,61.4300,633.9100
2021-04-30 00:00:00+00:00,72,72,1.0000,37.1300,57.0601,45.3250,40.0000,51.4325,11.4325,68.5812,292.6600
2021-04-30 00:00:00+00:00,168,168,1.0000,37.1300,87.2834,49.2550,45.4875,64.2825,18.7950,92.4750,495.6700
2021-04-30 00:00:00+00:00,336,336,1.0000,23.1800,85.3058,49.3900,44.7825,71.3625,26.5800,111.2325,495.6700
2021-04-30 00:00:00+00:00,720,720,1.0000,23.1800,87.4881,48.5650,40.4025,84.3450,43.9425,150.2587,767.2200
2021-05-31 00:00:00+00:00,72,72,1.0000,25.1500,39.4411,40.3200,36.4100,42.8250,6.4150,52.4475,58.5500
2021-05-31 00:00:00+00:00,168,168,1.0000,25.1500,58.4202,43.1500,40.0500,52.4375,12.3875,71.0188,509.0000
2021-05-31 00:00:00+00:00,336,336,1.0000,23.6800,68.0622,45.6850,41.6800,56.0975,14.4175,77.7238,605.3900
2021-05-31 00:00:00+00:00,720,720,1.0000,23.6800,82.1104,49.8250,43.1975,61.6550,18.4575,89.3413,787.0900
2021-06-30 00:00:00+00:00,72,72,1.0000,29.5400,293.2996,82.9500,53.5975,560.8075,507.2100,1321.6225,999.9900
2021-06-30 00:00:00+00:00,168,168,1.0000,25.3900,167.4895,58.3300,48.4200,122.7325,74.3125,234.2013,999.9900
2021-06-30 00:00:00+00:00,336,336,1.0000,25.3900,124.9993,56.6850,47.1550,91.7125,44.5575,158.5488,999.9900
2021-06-30 00:00:00+00:00,720,720,1.0000,5.0700,135.1500,54.3500,43.1150,99.1525,56.0375,183.2088,999.9900
2021-07-31 00:00:00+00:00,72,72,1.0000,38.9300,162.3338,103.2250,66.0075,227.7450,161.7375,470.3513,736.7200
2021-07-31 00:00:00+00:00,168,168,1.0000,38.7000,145.5415,74.6500,63.7675,182.5950,118.8275,360.8363,736.7200
2021-07-31 00:00:00+00:00,336,336,1.0000,28.0100,105.5716,64.6450,59.9925,85.3000,25.3075,123.2613,736.7200
2021-07-31 00:00:00+00:00,720,720,1.0000,24.9200,125.4297,63.4900,55.5575,94.3700,38.8125,152.5888,999.9900
2021-08-31 00:00:00+00:00,72,72,1.0000,34.1500,86.9589,57.5950,51.0975,69.8025,18.7050,97.8600,803.3500
2021-08-31 00:00:00+00:00,168,168,1.0000,34.1500,72.0993,59.8650,49.8500,69.8850,20.0350,99.9375,803.3500
2021-08-31 00:00:00+00:00,336,336,1.0000,27.0100,63.0686,54.7850,43.9600,67.1275,23.1675,101.8787,803.3500
2021-08-31 00:00:00+00:00,720,720,1.0000,23.2600,83.4234,57.3200,46.9425,74.8050,27.8625,116.5988,938.2100
2021-09-30 00:00:00+00:00,72,72,1.0000,27.3800,98.2436,60.4150,51.3225,78.5700,27.2475,119.4412,929.3900
2021-09-30 00:00:00+00:00,168,168,1.0000,27.3800,108.6029,63.4050,49.5850,93.9025,44.3175,160.3788,929.3900
2021-09-30 00:00:00+00:00,336,336,1.0000,27.3800,89.1642,63.9900,50.9625,82.4875,31.5250,129.7750,929.3900
2021-09-30 00:00:00+00:00,720,720,1.0000,25.5900,93.8556,64.5500,51.1200,89.1250,38.0050,146.1325,938.4600
2021-10-31 00:00:00+00:00,72,72,1.0000,51.0000,97.6587,89.9600,78.9900,94.5850,15.5950,117.9775,298.1500
2021-10-31 00:00:00+00:00,168,168,1.0000,47.5000,84.8877,77.9400,67.0300,89.9550,22.9250,124.3425,298.1500
2021-10-31 00:00:00+00:00,336,336,1.0000,32.7700,85.5696,75.1350,64.8425,88.0400,23.1975,122.8362,462.9100
2021-10-31 00:00:00+00:00,720,720,1.0000,32.7700,96.7461,75.3850,63.6300,89.9550,26.3250,129.4425,780.1200
2021-11-30 00:00:00+00:00,72,72,1.0000,46.8300,118.0421,71.1000,62.0100,100.7150,38.7050,158.7725,624.6200
2021-11-30 00:00:00+00:00,168,168,1.0000,31.4100,99.5138,67.3750,57.7875,90.0775,32.2900,138.5125,624.6200
2021-11-30 00:00:00+00:00,336,336,1.0000,31.4100,108.3311,70.6900,61.0900,92.3800,31.2900,139.3150,827.1100
2021-11-30 00:00:00+00:00,720,720,1.0000,31.4100,100.2373,75.2550,64.0150,90.5125,26.4975,130.2588,827.1100
2021-12-31 00:00:00+00:00,72,72,1.0000,35.1000,286.8076,83.0000,57.4275,434.1175,376.6900,999.1525,999.9900
2021-12-31 00:00:00+00:00,168,168,1.0000,35.1000,238.5908,67.9900,56.1650,289.1025,232.9375,638.5087,999.9900
2021-12-31 00:00:00+00:00,336,336,1.0000,30.5000,154.6940,61.5400,52.8800,85.0125,32.1325,133.2112,999.9900
2021-12-31 00:00:00+00:00,720,720,1.0000,26.8000,122.7636,60.0500,48.9450,75.5250,26.5800,115.3950,999.9900
2022-01-31 00:00:00+00:00,72,72,1.0000,39.6600,51.0122,48.6100,47.2650,52.6125,5.3475,60.6337,70.3500
2022-01-31 00:00:00+00:00,168,168,1.0000,39.6600,79.0416,55.2400,48.6075,69.3125,20.7050,100.3700,613.8400
2022-01-31 00:00:00+00:00,336,336,1.0000,28.3800,69.9457,54.0850,47.2275,67.0275,19.8000,96.7275,613.8400
2022-01-31 00:00:00+00:00,720,720,1.0000,28.3200,93.0024,59.2900,48.4325,74.3700,25.9375,113.2763,749.3300
2022-02-28 00:00:00+00:00,72,72,1.0000,36.8400,68.4922,58.7050,48.3150,66.1150,17.8000,92.8150,648.0100
2022-02-28 00:00:00+00:00,168,168,1.0000,36.8400,135.9611,71.1350,59.6100,127.8075,68.1975,230.1038,747.8300
2022-02-28 00:00:00+00:00,336,336,1.0000,32.7400,135.7573,68.2800,54.3775,112.7325,58.3550,200.2650,838.4400
2022-02-28 00:00:00+00:00,720,720,1.0000,28.0900,101.3224,60.9500,47.2650,79.8025,32.5375,128.6087,999.6400
2022-03-31 00:00:00+00:00,72,72,1.0000,39.0200,99.2481,75.0750,64.8725,87.3600,22.4875,121.0913,291.9100
2022-03-31 00:00:00+00:00,168,168,1.0000,32.4500,79.7745,71.4350,60.6325,75.1200,14.4875,96.8513,291.9100
2022-03-31 00:00:00+00:00,336,336,1.0000,32.4500,72.3525,65.3150,50.8450,73.9425,23.0975,108.5887,291.9100
2022-03-31 00:00:00+00:00,720,720,1.0000,32.4500,75.2422,67.0750,54.0225,75.7150,21.6925,108.2538,305.6300
2022-04-30 00:00:00+00:00,72,72,1.0000,48.1300,136.7692,100.8650,84.2800,174.3800,90.1000,309.5300,379.3600
2022-04-30 00:00:00+00:00,168,168,1.0000,48.1300,118.6904,94.3050,89.4475,138.7050,49.2575,212.5912,379.3600
2022-04-30 00:00:00+00:00,336,336,1.0000,48.1300,115.5430,97.3050,89.3950,115.7850,26.3900,155.3700,379.3600
2022-04-30 00:00:00+00:00,720,720,1.0000,46.3400,116.2272,93.5650,76.1950,115.3000,39.1050,173.9575,718.4700
2022-05-31 00:00:00+00:00,72,72,1.0000,51.4700,76.9699,81.6450,67.0325,84.6075,17.5750,110.9700,123.2500
2022-05-31 00:00:00+00:00,168,168,1.0000,48.5500,106.5635,84.0300,68.0475,106.5425,38.4950,164.2850,424.5100
2022-05-31 00:00:00+00:00,336,336,1.0000,48.5500,108.5070,86.5200,74.5525,115.5175,40.9650,176.9650,447.2000
2022-05-31 00:00:00+00:00,720,720,1.0000,3.5500,117.4014,93.4800,80.6475,122.3125,41.6650,184.8100,737.6300
2022-06-30 00:00:00+00:00,72,72,1.0000,41.3200,111.3051,79.6500,57.3300,108.1200,50.7900,184.3050,595.7100
2022-06-30 00:00:00+00:00,168,168,1.0000,41.3200,107.3741,71.2400,56.0100,97.5400,41.5300,159.8350,701.3600
2022-06-30 00:00:00+00:00,336,336,1.0000,41.3200,126.0906,83.3200,59.4475,109.5725,50.1250,184.7600,736.1400
2022-06-30 00:00:00+00:00,720,720,1.0000,0.0000,132.5965,92.7950,66.4550,128.7375,62.2825,222.1613,736.1400
2022-07-31 00:00:00+00:00,72,72,1.0000,50.1800,289.4579,101.2000,79.0875,554.2325,475.1450,1266.9500,924.0700
2022-07-31 00:00:00+00:00,168,168,1.0000,34.5500,230.1513,104.9800,80.1550,311.1025,230.9475,657.5238,924.0700
2022-07-31 00:00:00+00:00,336,336,1.0000,0.9500,169.5435,83.9100,68.2425,159.2900,91.0475,295.8612,924.0700
2022-07-31 00:00:00+00:00,720,720,1.0000,0.9500,143.9371,79.3200,63.7525,122.2575,58.5050,210.0150,924.0700
2022-08-31 00:00:00+00:00,72,72,1.0000,2.1100,198.0521,62.3700,37.6500,264.1600,226.5100,603.9250,993.9800
2022-08-31 00:00:00+00:00,168,168,1.0000,2.1100,248.1738,64.2900,43.4425,352.3675,308.9250,815.7550,993.9800
2022-08-31 00:00:00+00:00,336,336,1.0000,2.1100,293.4876,113.5450,47.0800,511.8650,464.7850,1209.0425,993.9800
2022-08-31 00:00:00+00:00,720,720,1.0000,2.1100,244.0805,85.0600,57.1975,344.8550,287.6575,776.3413,993.9800
2022-09-30 00:00:00+00:00,72,72,1.0000,46.6500,430.0661,218.5650,100.8725,899.7800,798.9075,2098.1412,999.9900
2022-09-30 00:00:00+00:00,168,168,1.0000,46.6500,299.8363,104.2850,72.1725,413.0375,340.8650,924.3350,999.9900
2022-09-30 00:00:00+00:00,336,336,1.0000,46.6500,236.6683,99.2600,80.2650,259.6125,179.3475,528.6337,999.9900
2022-09-30 00:00:00+00:00,720,720,1.0000,18.0600,282.0131,106.5000,69.7300,458.9375,389.2075,1042.7487,999.9900
2022-10-31 00:00:00+00:00,72,72,1.0000,28.6000,56.6110,49.8900,40.6100,70.0175,29.4075,114.1287,207.5600
2022-10-31 00:00:00+00:00,168,168,1.0000,22.4800,56.3166,46.3700,33.9775,61.4150,27.4375,102.5712,395.9800
2022-10-31 00:00:00+00:00,336,336,1.0000,22.4800,81.0825,54.1550,42.8700,74.4375,31.5675,121.7887,678.3100
2022-10-31 00:00:00+00:00,720,720,1.0000,22.4800,142.5199,73.6400,51.7875,115.0575,63.2700,209.9625,976.6000
2022-11-30 00:00:00+00:00,72,72,1.0000,68.4400,164.5600,95.4900,85.4825,129.4400,43.9575,195.3762,999.9900
2022-11-30 00:00:00+00:00,168,168,1.0000,55.5800,130.7471,89.5000,78.3750,107.8075,29.4325,151.9563,999.9900
2022-11-30 00:00:00+00:00,336,336,1.0000,55.5800,121.6117,83.2200,75.8650,98.0775,22.2125,131.3962,999.9900
2022-11-30 00:00:00+00:00,720,720,1.0000,34.6200,176.9283,85.3550,75.4300,155.9475,80.5175,276.7237,999.9900
2022-12-31 00:00:00+00:00,72,72,1.0000,69.1000,191.0194,111.3950,88.3350,284.7850,196.4500,579.4600,572.6100
2022-12-31 00:00:00+00:00,168,168,1.0000,65.9500,197.1864,114.8950,92.2500,250.6375,158.3875,488.2188,801.2700
2022-12-31 00:00:00+00:00,336,336,1.0000,65.9500,335.8493,186.4300,105.6300,570.6900,465.0600,1268.2800,999.9900
2022-12-31 00:00:00+00:00,720,720,1.0000,65.9500,320.3651,187.2250,100.5225,518.4150,417.8925,1145.2537,999.9900
2023-01-31 00:00:00+00:00,72,72,1.0000,33.4900,82.1778,66.3900,59.6825,78.8200,19.1375,107.5262,273.0200
2023-01-31 00:00:00+00:00,168,168,1.0000,33.4900,113.4371,68.0750,61.1350,90.8650,29.7300,135.4600,811.0200
2023-01-31 00:00:00+00:00,336,336,1.0000,33.4900,103.7434,69.8050,62.1225,84.8050,22.6825,118.8288,811.0200
2023-01-31 00:00:00+00:00,720,720,1.0000,33.4900,128.0267,76.1450,67.5325,121.9125,54.3800,203.4825,956.5200
2023-02-28 00:00:00+00:00,72,72,1.0000,40.7600,106.1958,60.5850,48.0450,97.4000,49.3550,171.4325,797.4900
2023-02-28 00:00:00+00:00,168,168,1.0000,34.2100,198.5355,81.7550,57.5000,217.0000,159.5000,456.2500,870.7500
2023-02-28 00:00:00+00:00,336,336,1.0000,28.0100,154.6230,63.3100,48.0100,151.6250,103.6150,307.0475,870.7500
2023-02-28 00:00:00+00:00,720,720,1.0000,28.0100,116.0346,59.8200,47.9900,95.9575,47.9675,167.9087,870.7500
2023-03-31 00:00:00+00:00,72,72,1.0000,48.0200,126.8460,59.2600,53.6150,98.5750,44.9600,166.0150,668.3000
2023-03-31 00:00:00+00:00,168,168,1.0000,41.7400,138.4118,59.5500,51.1000,187.8000,136.7000,392.8500,668.3000
2023-03-31 00:00:00+00:00,336,336,1.0000,35.8300,172.4715,62.6500,52.5350,201.2525,148.7175,424.3288,929.4300
2023-03-31 00:00:00+00:00,720,720,1.0000,29.0900,179.7586,74.6700,57.5525,220.5450,162.9925,465.0338,929.4300
2023-04-30 00:00:00+00:00,72,72,1.0000,22.1600,93.3403,52.0300,50.0250,58.9975,8.9725,72.4563,772.0500
2023-04-30 00:00:00+00:00,168,168,1.0000,22.1600,84.1242,51.6600,47.9750,56.5475,8.5725,69.4062,772.0500
2023-04-30 00:00:00+00:00,336,336,1.0000,18.0200,157.7400,54.2300,49.6575,163.1000,113.4425,333.2637,912.3800
2023-04-30 00:00:00+00:00,720,720,1.0000,18.0200,142.7357,53.9100,48.2275,128.7200,80.4925,249.4588,912.3800
2023-05-31 00:00:00+00:00,72,72,1.0000,18.6600,89.9182,47.4800,39.6850,79.9075,40.2225,140.2412,507.7000
2023-05-31 00:00:00+00:00,168,168,1.0000,18.6600,208.8607,67.2150,44.0575,292.8325,248.7750,665.9950,884.3800
2023-05-31 00:00:00+00:00,336,336,1.0000,0.0000,127.6086,45.9800,36.0175,78.2100,42.1925,141.4988,884.3800
2023-05-31 00:00:00+00:00,720,720,1.0000,0.0000,154.0987,50.2800,38.8275,122.8375,84.0100,248.8525,999.9500
2023-06-30 00:00:00+00:00,72,72,1.0000,30.6300,249.3568,56.6150,46.1625,392.0175,345.8550,910.8000,859.6300
2023-06-30 00:00:00+00:00,168,168,1.0000,25.3300,200.1320,56.4450,43.2200,260.4225,217.2025,586.2263,989.0600
2023-06-30 00:00:00+00:00,336,336,1.0000,0.0000,126.0153,46.3050,32.1400,79.0875,46.9475,149.5088,989.0600
2023-06-30 00:00:00+00:00,720,720,1.0000,0.0000,180.7180,47.3300,32.7300,142.8100,110.0800,307.9300,999.9900
2023-07-31 00:00:00+00:00,72,72,1.0000,29.6700,104.5240,58.3050,47.6525,99.3100,51.6575,176.7963,763.7800
2023-07-31 00:00:00+00:00,168,168,1.0000,22.5500,144.4918,56.5850,46.4150,121.0450,74.6300,232.9900,811.7400
2023-07-31 00:00:00+00:00,336,336,1.0000,22.0800,164.1410,59.7900,46.8375,152.2700,105.4325,310.4187,919.1400
2023-07-31 00:00:00+00:00,720,720,1.0000,7.4600,155.3677,61.1400,47.5300,171.3875,123.8575,357.1737,919.1400
2023-08-31 00:00:00+00:00,72,72,1.0000,31.4000,381.4757,162.4850,55.7625,772.6100,716.8475,1847.8812,999.9900
2023-08-31 00:00:00+00:00,168,168,1.0000,31.4000,268.9148,104.4750,52.0225,419.7750,367.7525,971.4037,999.9900
2023-08-31 00:00:00+00:00,336,336,1.0000,19.8300,233.4820,82.8500,53.2950,310.9050,257.6100,697.3200,999.9900
2023-08-31 00:00:00+00:00,720,720,1.0000,19.8300,191.1479,72.9500,52.9100,255.2750,202.3650,558.8225,999.9900
2023-09-30 00:00:00+00:00,72,72,1.0000,0.0000,68.1876,45.1000,36.7775,54.1075,17.3300,80.1025,550.2000
2023-09-30 00:00:00+00:00,168,168,1.0000,0.0000,58.6327,45.0900,35.0825,53.1875,18.1050,80.3450,550.2000
2023-09-30 00:00:00+00:00,336,336,1.0000,0.0000,89.5813,49.6950,41.0100,80.9550,39.9450,140.8725,708.9800
2023-09-30 00:00:00+00:00,720,720,1.0000,0.0000,112.1618,55.9050,44.9350,122.7825,77.8475,239.5537,812.9400
2023-10-31 00:00:00+00:00,72,72,1.0000,25.0800,102.9979,49.2000,35.6225,62.6375,27.0150,103.1600,710.6100
2023-10-31 00:00:00+00:00,168,168,1.0000,14.4000,188.4960,64.4700,45.0875,258.6550,213.5675,579.0063,901.2500
2023-10-31 00:00:00+00:00,336,336,1.0000,0.0000,121.0696,49.2350,31.2625,118.8725,87.6100,250.2875,901.2500
2023-10-31 00:00:00+00:00,720,720,1.0000,0.0000,100.6342,46.3800,32.7750,87.9650,55.1900,170.7500,901.2500
2023-11-30 00:00:00+00:00,72,72,1.0000,20.0500,61.4238,47.9650,33.2900,66.0575,32.7675,115.2088,228.8000
2023-11-30 00:00:00+00:00,168,168,1.0000,20.0500,114.9904,53.5700,43.6175,100.5100,56.8925,185.8487,809.5200
2023-11-30 00:00:00+00:00,336,336,1.0000,0.0000,90.5800,49.8250,35.4950,80.9075,45.4125,149.0263,809.5200
2023-11-30 00:00:00+00:00,720,720,1.0000,0.0000,86.8696,46.3050,33.8900,68.3375,34.4475,120.0088,900.4000
2023-12-31 00:00:00+00:00,72,72,1.0000,9.0300,38.0189,26.0800,23.3500,39.0400,15.6900,62.5750,364.1000
2023-12-31 00:00:00+00:00,168,168,1.0000,0.0000,36.3282,26.2050,20.9600,38.8075,17.8475,65.5788,364.1000
2023-12-31 00:00:00+00:00,336,336,1.0000,0.0000,35.9250,27.3500,19.8875,41.6875,21.8000,74.3875,364.1000
2023-12-31 00:00:00+00:00,720,720,1.0000,0.0000,53.8096,38.8100,24.9150,54.5875,29.6725,99.0962,584.7800
2024-01-31 00:00:00+00:00,72,72,1.0000,15.5700,39.8814,32.0350,25.8025,43.1400,17.3375,69.1462,130.8400
2024-01-31 00:00:00+00:00,168,168,1.0000,15.5700,44.0235,36.2100,29.2775,50.6650,21.3875,82.7463,227.2900
2024-01-31 00:00:00+00:00,336,336,1.0000,15.5700,84.3118,57.3200,36.2650,96.9725,60.7075,188.0337,581.1500
2024-01-31 00:00:00+00:00,720,720,1.0000,15.5700,156.2066,62.6550,40.0475,123.1750,83.1275,247.8663,999.9900
2024-02-29 00:00:00+00:00,72,72,1.0000,17.3900,89.0026,35.5750,26.1525,130.5775,104.4250,287.2150,438.5300
2024-02-29 00:00:00+00:00,168,168,1.0000,13.6200,60.1526,30.9900,24.6925,44.3950,19.7025,73.9487,438.5300
2024-02-29 00:00:00+00:00,336,336,1.0000,2.3100,57.5633,35.0000,27.9600,53.9050,25.9450,92.8225,438.5300
2024-02-29 00:00:00+00:00,720,720,1.0000,2.3100,78.6881,42.5950,31.9575,78.3200,46.3625,147.8638,868.3000
2024-03-31 00:00:00+00:00,72,72,1.0000,23.9500,45.9675,42.0650,33.3625,49.8250,16.4625,74.5187,125.8500
2024-03-31 00:00:00+00:00,168,168,1.0000,19.2000,41.0829,37.7350,30.5675,47.0400,16.4725,71.7488,125.8500
2024-03-31 00:00:00+00:00,336,336,1.0000,0.0000,46.8341,38.1500,30.9100,49.3675,18.4575,77.0538,388.7300
2024-03-31 00:00:00+00:00,720,720,1.0000,0.0000,64.2390,40.4650,29.9725,52.7975,22.8250,87.0350,923.0500
2024-04-30 00:00:00+00:00,72,72,1.0000,0.0000,22.4554,23.2900,13.7325,29.8650,16.1325,54.0637,66.4500
2024-04-30 00:00:00+00:00,168,168,1.0000,0.0000,46.1249,30.8250,21.7775,39.0125,17.2350,64.8650,594.7800
2024-04-30 00:00:00+00:00,336,336,1.0000,0.0000,47.2130,30.4950,22.1600,38.5225,16.3625,63.0663,594.9800
2024-04-30 00:00:00+00:00,720,720,1.0000,0.0000,68.5589,32.4450,26.3725,48.3050,21.9325,81.2037,999.9900
2024-05-31 00:00:00+00:00,72,72,1.0000,0.0000,19.3807,16.7800,8.7825,27.1750,18.3925,54.7638,82.3000
2024-05-31 00:00:00+00:00,168,168,1.0000,0.0000,27.6101,22.8500,12.3275,30.4925,18.1650,57.7400,213.6700
2024-05-31 00:00:00+00:00,336,336,1.0000,0.0000,31.4697,25.5500,14.5650,39.9775,25.4125,78.0962,213.6700
2024-05-31 00:00:00+00:00,720,720,1.0000,0.0000,35.3439,29.1400,18.5350,36.9775,18.4425,64.6412,290.5000
2024-06-30 00:00:00+00:00,72,72,1.0000,0.0000,19.6156,16.2600,13.8200,25.6875,11.8675,43.4887,78.0000
2024-06-30 00:00:00+00:00,168,168,1.0000,0.0000,35.2085,20.4400,15.0475,30.9250,15.8775,54.7412,785.3800
2024-06-30 00:00:00+00:00,336,336,1.0000,0.0000,34.0453,26.6850,16.4025,34.5675,18.1650,61.8150,785.3800
2024-06-30 00:00:00+00:00,720,720,1.0000,0.0000,33.0762,23.5600,15.4475,34.6800,19.2325,63.5288,785.3800
2024-07-31 00:00:00+00:00,72,72,1.0000,7.6200,31.6542,25.2950,16.8350,39.7400,22.9050,74.0975,104.6500
2024-07-31 00:00:00+00:00,168,168,1.0000,0.0000,35.3173,18.2250,12.3200,39.1200,26.8000,79.3200,843.1500
2024-07-31 00:00:00+00:00,336,336,1.0000,0.0000,92.8906,35.3300,17.0750,59.4450,42.3700,123.0000,956.3700
2024-07-31 00:00:00+00:00,720,720,1.0000,0.0000,90.2471,29.8000,17.7150,53.8750,36.1600,108.1150,999.9900
2024-08-31 00:00:00+00:00,72,72,1.0000,0.0000,31.7724,17.8750,10.5525,24.5100,13.9575,45.4462,332.3200
2024-08-31 00:00:00+00:00,168,168,1.0000,0.0000,20.3252,13.9400,4.4975,21.4900,16.9925,46.9787,332.3200
2024-08-31 00:00:00+00:00,336,336,1.0000,0.0000,27.6862,20.6750,7.7450,28.8825,21.1375,60.5887,332.3200
2024-08-31 00:00:00+00:00,720,720,1.0000,0.0000,34.5741,27.5050,17.4900,32.8225,15.3325,55.8212,821.2700
2024-09-30 00:00:00+00:00,72,72,1.0000,0.0000,8.9990,0.9500,0.0000,12.9650,12.9650,32.4125,123.3100
2024-09-30 00:00:00+00:00,168,168,1.0000,0.0000,19.3799,3.6950,0.0000,12.0575,12.0575,30.1437,595.5200
2024-09-30 00:00:00+00:00,336,336,1.0000,0.0000,23.0132,11.0500,1.0225,21.6750,20.6525,52.6538,595.5200
2024-09-30 00:00:00+00:00,720,720,1.0000,0.0000,43.3265,16.4550,5.1250,26.1150,20.9900,57.6000,966.3800
2024-10-31 00:00:00+00:00,72,72,1.0000,0.0000,82.7353,26.6850,16.6175,45.6600,29.0425,89.2238,999.9900
2024-10-31 00:00:00+00:00,168,168,1.0000,0.0000,55.1470,25.7900,17.6725,36.4425,18.7700,64.5975,999.9900
2024-10-31 00:00:00+00:00,336,336,1.0000,0.0000,50.3620,24.2850,9.9225,36.1175,26.1950,75.4100,999.9900
2024-10-31 00:00:00+00:00,720,720,1.0000,0.0000,58.2742,24.0550,12.4225,37.6325,25.2100,75.4475,999.9900
2024-11-30 00:00:00+00:00,72,72,1.0000,23.1500,209.2711,111.0950,54.9325,258.4275,203.4950,563.6700,924.7800
2024-11-30 00:00:00+00:00,168,168,1.0000,5.1500,132.5361,57.9600,40.1750,135.7225,95.5475,279.0437,924.7800
2024-11-30 00:00:00+00:00,336,336,1.0000,0.0000,107.7093,47.1750,27.2850,111.9500,84.6650,238.9475,924.7800
2024-11-30 00:00:00+00:00,720,720,1.0000,0.0000,71.2320,30.1750,17.4750,66.2600,48.7850,139.4375,924.7800
2024-12-31 00:00:00+00:00,72,72,1.0000,14.2100,30.2782,29.1650,24.9100,38.6725,13.7625,59.3162,45.4100
2024-12-31 00:00:00+00:00,168,168,1.0000,0.0000,19.8120,19.8550,12.0200,28.1400,16.1200,52.3200,45.4100
2024-12-31 00:00:00+00:00,336,336,1.0000,0.0000,26.7515,22.0050,14.9425,36.6150,21.6725,69.1237,363.0100
2024-12-31 00:00:00+00:00,720,720,1.0000,0.0000,25.9403,22.2900,15.1225,35.9800,20.8575,67.2663,363.0100
2025-01-31 00:00:00+00:00,72,72,1.0000,3.1700,22.3212,22.2200,15.8250,27.6150,11.7900,45.3000,55.5400
2025-01-31 00:00:00+00:00,168,168,1.0000,0.0000,19.6712,18.2700,13.4775,24.4550,10.9775,40.9212,84.5400
2025-01-31 00:00:00+00:00,336,336,1.0000,0.0000,23.7075,19.7500,13.1450,27.7825,14.6375,49.7387,152.7600
2025-01-31 00:00:00+00:00,720,720,1.0000,0.0000,30.1634,23.3150,12.5375,34.3200,21.7825,66.9938,469.0400
2025-02-28 00:00:00+00:00,72,72,1.0000,0.0000,13.8819,12.0900,0.0000,18.9150,18.9150,47.2875,92.2000
2025-02-28 00:00:00+00:00,168,168,1.0000,0.0000,11.7630,9.3650,0.0000,17.5725,17.5725,43.9312,92.2000
2025-02-28 00:00:00+00:00,336,336,1.0000,0.0000,25.9107,22.5700,9.3675,40.5625,31.1950,87.3550,113.9600
2025-02-28 00:00:00+00:00,720,720,1.0000,0.0000,54.2591,33.6200,17.8400,48.8700,31.0300,95.4150,976.0000
2025-03-31 00:00:00+00:00,72,72,1.0000,25.6300,58.8865,38.3850,33.0725,53.9075,20.8350,85.1600,538.4200
2025-03-31 00:00:00+00:00,168,168,1.0000,3.4600,44.9723,35.1100,28.8200,44.3225,15.5025,67.5762,538.4200
2025-03-31 00:00:00+00:00,336,336,1.0000,0.0000,36.3725,29.9400,20.2400,38.5100,18.2700,65.9150,538.4200
2025-03-31 00:00:00+00:00,720,720,1.0000,0.0000,34.8510,28.9150,19.1750,38.0125,18.8375,66.2688,538.4200
2025-04-30 00:00:00+00:00,72,72,1.0000,0.0000,38.3254,19.8550,11.3975,39.7675,28.3700,82.3225,202.7000
2025-04-30 00:00:00+00:00,168,168,1.0000,0.0000,35.4313,23.4550,16.2400,39.5425,23.3025,74.4963,202.7000
2025-04-30 00:00:00+00:00,336,336,1.0000,0.0000,33.7875,25.3650,16.3425,38.0025,21.6600,70.4925,202.7000
2025-04-30 00:00:00+00:00,720,720,1.0000,0.0000,33.1201,25.5100,14.9775,37.9725,22.9950,72.4650,426.8500
2025-05-31 00:00:00+00:00,72,72,1.0000,0.0000,118.1454,22.4650,10.2775,58.5575,48.2800,130.9775,950.2000
2025-05-31 00:00:00+00:00,168,168,1.0000,0.0000,63.2563,20.9050,9.8150,33.4025,23.5875,68.7837,950.2000
2025-05-31 00:00:00+00:00,336,336,1.0000,0.0000,47.0205,22.0200,15.2025,34.4000,19.1975,63.1963,950.2000
2025-05-31 00:00:00+00:00,720,720,1.0000,0.0000,42.4493,22.6800,15.7900,33.5675,17.7775,60.2338,950.2000
2025-06-30 00:00:00+00:00,72,72,1.0000,0.0000,13.1300,9.1850,6.8900,12.8625,5.9725,21.8213,122.9200
2025-06-30 00:00:00+00:00,168,168,1.0000,0.0000,16.6443,11.0800,7.4000,16.2450,8.8450,29.5125,247.2000
2025-06-30 00:00:00+00:00,336,336,1.0000,0.0000,46.1474,15.8600,9.3325,32.8075,23.4750,68.0200,912.3300
2025-06-30 00:00:00+00:00,720,720,1.0000,0.0000,45.0803,16.4600,9.5475,30.7950,21.2475,62.6663,999.9900
2025-07-31 00:00:00+00:00,72,72,1.0000,0.0000,33.1061,13.0000,7.8925,21.5525,13.6600,42.0425,375.6000
2025-07-31 00:00:00+00:00,168,168,1.0000,0.0000,20.1769,11.3700,5.9125,15.8300,9.9175,30.7063,375.6000
2025-07-31 00:00:00+00:00,336,336,1.0000,0.0000,22.4679,16.5900,9.5400,24.4300,14.8900,46.7650,375.6000
2025-07-31 00:00:00+00:00,720,720,1.0000,0.0000,30.4583,21.4600,13.4575,27.6450,14.1875,48.9262,999.9900
2025-08-31 00:00:00+00:00,72,72,1.0000,9.2800,103.9382,35.8650,25.7025,65.2325,39.5300,124.5275,814.2500
2025-08-31 00:00:00+00:00,168,168,1.0000,0.0000,98.8155,29.8050,18.8125,55.2850,36.4725,109.9937,912.5600
2025-08-31 00:00:00+00:00,336,336,1.0000,0.0000,67.8080,21.2300,14.8475,36.3750,21.5275,68.6662,912.5600
2025-08-31 00:00:00+00:00,720,720,1.0000,0.0000,50.6169,17.4600,10.5825,27.6175,17.0350,53.1700,912.5600
2025-09-30 00:00:00+00:00,72,72,1.0000,0.0000,8.5581,2.3850,0.0000,10.9975,10.9975,27.4937,72.0200
2025-09-30 00:00:00+00:00,168,168,1.0000,0.0000,40.3215,0.6750,0.0000,8.4675,8.4675,21.1687,932.1000
2025-09-30 00:00:00+00:00,336,336,1.0000,0.0000,57.8476,8.3150,0.0000,17.6525,17.6525,44.1312,984.3300
2025-09-30 00:00:00+00:00,720,720,1.0000,0.0000,72.9447,17.6200,6.9050,39.4750,32.5700,88.3300,999.9900
2025-10-31 00:00:00+00:00,72,72,1.0000,0.0000,29.3797,10.3500,0.0000,26.7600,26.7600,66.9000,372.9100
2025-10-31 00:00:00+00:00,168,168,1.0000,0.0000,18.7072,8.6150,0.0000,20.5275,20.5275,51.3187,372.9100
2025-10-31 00:00:00+00:00,336,336,1.0000,0.0000,18.6161,12.6700,0.0000,22.1475,22.1475,55.3687,372.9100
2025-10-31 00:00:00+00:00,720,720,1.0000,0.0000,32.2326,17.0400,5.5925,28.4100,22.8175,62.6363,946.1400
2025-11-30 00:00:00+00:00,72,72,1.0000,18.8400,57.0938,39.7150,32.4325,63.4975,31.0650,110.0950,277.3700
2025-11-30 00:00:00+00:00,168,168,1.0000,15.6600,50.3190,40.9900,33.4375,60.4800,27.0425,101.0438,277.3700
2025-11-30 00:00:00+00:00,336,336,1.0000,10.0000,53.1007,37.4850,23.2300,52.9850,29.7550,97.6175,777.0200
2025-11-30 00:00:00+00:00,720,720,1.0000,0.0000,57.9349,30.0650,16.6200,50.7050,34.0850,101.8325,992.8500
2025-12-31 00:00:00+00:00,72,72,1.0000,8.5400,23.5104,21.4200,18.4925,25.7450,7.2525,36.6238,51.1100
2025-12-31 00:00:00+00:00,168,168,1.0000,8.5400,36.1149,35.6200,20.9500,47.9025,26.9525,88.3313,120.4400
2025-12-31 00:00:00+00:00,336,336,1.0000,0.0000,46.0018,29.3550,19.8475,46.2175,26.3700,85.7725,973.6700
2025-12-31 00:00:00+00:00,720,720,1.0000,0.0000,39.7803,32.5500,19.8775,45.5775,25.7000,84.1275,973.6700
2026-01-31 00:00:00+00:00,72,72,1.0000,0.0000,32.1418,28.3200,16.4550,33.9875,17.5325,60.2862,122.5900
2026-01-31 00:00:00+00:00,168,168,1.0000,0.0000,38.0226,30.2450,19.0375,44.2500,25.2125,82.0687,200.0000
2026-01-31 00:00:00+00:00,336,336,1.0000,0.0000,33.8443,27.5150,16.7100,41.0125,24.3025,77.4663,238.0600
2026-01-31 00:00:00+00:00,720,720,1.0000,0.0000,40.3020,21.8700,10.7800,40.3050,29.5250,84.5925,858.4400
2026-02-28 00:00:00+00:00,72,72,1.0000,0.0000,9.6785,4.9750,0.0000,16.2900,16.2900,40.7250,36.2600
2026-02-28 00:00:00+00:00,168,168,1.0000,0.0000,20.0702,15.3650,6.3925,25.4475,19.0550,54.0300,101.0000
2026-02-28 00:00:00+00:00,336,336,1.0000,0.0000,23.4026,16.7700,11.2725,27.9225,16.6500,52.8975,399.2100
2026-02-28 00:00:00+00:00,720,720,1.0000,0.0000,20.8378,15.8850,10.4325,26.1575,15.7250,49.7450,399.2100
2026-03-31 00:00:00+00:00,72,72,1.0000,0.0000,35.3483,30.1750,17.4250,39.3825,21.9575,72.3187,94.0000
2026-03-31 00:00:00+00:00,168,168,1.0000,0.0000,55.2208,29.8350,16.2200,45.6625,29.4425,89.8262,948.6300
2026-03-31 00:00:00+00:00,336,336,1.0000,0.0000,36.3160,18.4150,9.4700,32.2100,22.7400,66.3200,948.6300
2026-03-31 00:00:00+00:00,720,720,1.0000,0.0000,33.3433,19.8400,10.2525,32.6575,22.4050,66.2650,948.6300
2026-04-30 00:00:00+00:00,72,72,1.0000,9.8200,23.9617,21.1950,13.5650,27.2200,13.6550,47.7025,109.1200
2026-04-30 00:00:00+00:00,168,168,1.0000,0.0000,16.5161,14.5350,7.0025,24.3775,17.3750,50.4400,109.1200
2026-04-30 00:00:00+00:00,336,336,1.0000,0.0000,29.3973,14.5050,7.7550,23.4500,15.6950,46.9925,833.5100
2026-04-30 00:00:00+00:00,720,720,1.0000,0.0000,26.7496,13.9100,8.3525,23.7200,15.3675,46.7712,833.5100
2026-05-31 00:00:00+00:00,72,72,1.0000,0.0000,201.8618,22.5450,11.6675,90.1000,78.4325,207.7487,999.9900
2026-05-31 00:00:00+00:00,168,168,1.0000,0.0000,124.4412,19.8250,9.6250,40.2675,30.6425,86.2312,999.9900
2026-05-31 00:00:00+00:00,336,336,1.0000,0.0000,71.7317,18.5700,10.3500,30.9150,20.5650,61.7625,999.9900
2026-05-31 00:00:00+00:00,720,720,1.0000,0.0000,45.8122,15.5350,5.4100,25.8550,20.4450,56.5225,999.9900
2026-06-30 00:00:00+00:00,72,72,1.0000,0.0000,6.6965,3.0350,0.0000,12.0825,12.0825,30.2063,23.8100
2026-06-30 00:00:00+00:00,168,168,1.0000,0.0000,26.5240,14.0800,3.1675,23.1525,19.9850,53.1300,738.3300
2026-06-30 00:00:00+00:00,336,336,1.0000,0.0000,19.8556,12.4300,0.0100,22.9325,22.9225,57.3162,738.3300
2026-06-30 00:00:00+00:00,720,720,1.0000,0.0000,16.8695,11.9950,0.0000,22.2700,22.2700,55.6750,738.3300
2026-07-31 00:00:00+00:00,72,0,0.0000,,,,,,,,
2026-07-31 00:00:00+00:00,168,0,0.0000,,,,,,,,
2026-07-31 00:00:00+00:00,336,17,0.0506,11.8600,119.6012,24.9900,13.9600,37.1400,23.1800,71.9100,965.0000
2026-07-31 00:00:00+00:00,720,401,0.5569,0.0000,24.6474,16.1300,7.2400,24.3800,17.1400,50.0900,965.0000
